{
  "N_stars_used": 534742.0496346208,
  "n_samples": 1000000,
  "per_star_p_quantiles": [
    3.075510342668678e-21,
    7.130620148511661e-20,
    3.601783772530576e-18,
    2.9747305091194537e-16,
    3.851470284157652e-13,
    4.895537069321252e-10,
    3.986910409038143e-08,
    1.9487017090485712e-06,
    4.04201853651786e-05
  ],
  "per_star_p_mean": 1.9159754062602208e-07,
  "per_star_p_median": 3.851470284157652e-13,
  "p_any_quantiles": [
    1.6653345369377348e-15,
    3.808064974464287e-14,
    1.9260038008894763e-12,
    1.590713250010367e-10,
    2.059542901777789e-07,
    0.00026175069002429193,
    0.02109402883728213,
    0.6472704846836821,
    0.9999999995899778
  ],
  "p_any_mean": 0.015713652768778265,
  "p_any_median": 2.059542901777789e-07,
  "expected_n_civ_quantiles": [
    1.6446047043111235e-15,
    3.8130424333810496e-14,
    1.9260252368637165e-12,
    1.5907134895571755e-10,
    2.0595431138572984e-07,
    0.0002617849526511111,
    0.02131968643838661,
    1.0420527460231215,
    21.614372768786904
  ],
  "expected_n_civ_mean": 0.10245526157931152,
  "expected_n_civ_median": 2.0595431138572984e-07,
  "priors": {
    "fp": 1.0,
    "ne": 0.1,
    "f_l_range": [
      1e-06,
      1.0
    ],
    "f_i_range": [
      1e-06,
      1.0
    ],
    "f_c_range": [
      0.01,
      1.0
    ],
    "L_range_years": [
      100.0,
      100000000.0
    ],
    "t_star_years": 10000000000.0
  }
}