{
  "V_shell": 1202271675.450877,
  "N_mc": 100000,
  "N_in_arm": 26995,
  "frac_in_arm": 0.26995
}