{
  "V_shell": 1202271675.450877,
  "N_expected_shell": 4102381.728516394,
  "N_expected_arms": 570621.9030139418,
  "frac_points_in_arm": 0.20227,
  "params": {
    "R0_pc": 8122.0,
    "Rd": 2600.0,
    "hz": 300.0,
    "arm_half_width": 300.0,
    "N_total_G": 20000000000.0,
    "N_mc": 1000000,
    "use_reid_csv": true
  }
}