{
  "V_shell": 1202271675.450877,
  "N_expected_shell": 3958284.1722588856,
  "N_expected_arms": 534742.0496346208,
  "frac_points_in_arm": 0.20326,
  "params": {
    "R0_pc": 8122.0,
    "Rd": 2600.0,
    "hz": 300.0,
    "arm_half_width": 300.0,
    "N_total_G": 20000000000.0,
    "N_mc": 100000
  }
}