{
  "Baseline": {
    "per_star_p_quantiles": [
      3.4003525913007055e-21,
      7.509431405732923e-20,
      3.6760722966740726e-18,
      2.9914112505790457e-16,
      3.733243588551111e-13,
      4.5315448796373096e-10,
      3.876028877457756e-08,
      1.9475624142644035e-06,
      4.02273017063621e-05
    ],
    "p_any_quantiles": [
      5.440092820663267e-15,
      1.2045919817182948e-13,
      5.896777510727703e-12,
      4.798553820961615e-10,
      5.98853342026473e-07,
      0.0007266457342356298,
      0.060282318008963456,
      0.9560238720758176,
      1.0
    ],
    "expected_n_civ_quantiles": [
      5.454541271269048e-15,
      1.2045957713657547e-13,
      5.896826143758077e-12,
      4.798554175636372e-10,
      5.988535212950748e-07,
      0.0007269098690478648,
      0.06217578593117819,
      3.1241053043014086,
      64.52903676827543
    ],
    "per_star_p_mean": 1.9791418546963143e-07,
    "p_any_mean": 0.0246356177208795,
    "expected_n_civ_mean": 0.31747622160581845
  },
  "Optimistic": {
    "per_star_p_quantiles": [
      1.0181096509737073e-08,
      5.549206743072117e-08,
      2.568800953938396e-07,
      1.0310329240150812e-06,
      7.481520342310196e-06,
      5.153661506561026e-05,
      0.00014102821972540182,
      0.0003073320559263613,
      0.0005468200906739788
    ],
    "p_any_quantiles": [
      0.01619896622447405,
      0.08516852418174324,
      0.33771818372912754,
      0.8086960173880336,
      0.9999938633408915,
      1.0,
      1.0,
      1.0,
      1.0
    ],
    "expected_n_civ_quantiles": [
      0.01633160374050843,
      0.08901540763839749,
      0.41206405643870425,
      1.653890731939137,
      12.001185283953124,
      82.67042499535245,
      226.22484705668475,
      492.99457571635656,
      877.159845179283
    ],
    "per_star_p_mean": 2.997251545446782e-05,
    "p_any_mean": 0.9042369638119964,
    "expected_n_civ_mean": 48.07922653915344
  },
  "Pessimistic": {
    "per_star_p_quantiles": [
      6.89721476914614e-23,
      2.2783421389549244e-22,
      9.105982842915859e-22,
      4.140016204618997e-21,
      4.705205654587417e-20,
      5.513141588146989e-19,
      2.4233673227578288e-18,
      9.266247427245548e-18,
      2.7253393176571043e-17
    ],
    "p_any_quantiles": [
      1.1102230246251565e-16,
      3.3306690738754696e-16,
      1.4432899320127035e-15,
      6.661338147750939e-15,
      7.549516567451064e-14,
      8.844036614163997e-13,
      3.8873571028830104e-12,
      1.4864081077092882e-11,
      4.371744921627304e-11
    ],
    "expected_n_civ_quantiles": [
      1.1063894582980047e-16,
      3.6547125315164247e-16,
      1.4607002626499094e-15,
      6.641043434610092e-15,
      7.547669761781459e-14,
      8.843688270396247e-13,
      3.88734895058958e-12,
      1.4864084727862787e-11,
      4.371745396169797e-11
    ],
    "per_star_p_mean": 5.4510375231536645e-19,
    "p_any_mean": 8.744066959387454e-13,
    "expected_n_civ_mean": 8.744066488088643e-13
  }
}