{
  "N_stars_used": 1297750.6655410496,
  "n_samples": 1000000,
  "per_star_p_quantiles": [
    3.2232082769193927e-21,
    7.261390267012249e-20,
    3.711385904138043e-18,
    3.088855344443763e-16,
    3.8200479405618635e-13,
    4.873539758037139e-10,
    3.965241806722781e-08,
    1.9202771407068407e-06,
    3.867489806418458e-05
  ],
  "per_star_p_mean": 1.865002171022576e-07,
  "per_star_p_median": 3.8200479405618635e-13,
  "p_any_quantiles": [
    4.218847493575595e-15,
    9.425682456765114e-14,
    4.816469445501071e-12,
    4.0085639696485486e-10,
    4.957468528465903e-07,
    0.0006322639834442866,
    0.05015736260655604,
    0.9172592728705689,
    1.0
  ],
  "p_any_mean": 0.022830462891514428,
  "p_any_median": 4.957468528465903e-07,
  "expected_n_civ_quantiles": [
    4.182920686549562e-15,
    9.423474051768448e-14,
    4.816453527174815e-12,
    4.008564079011922e-10,
    4.957469757262875e-07,
    0.0006324639464533462,
    0.05145895193705683,
    2.4920409373755663,
    50.19037470252778
  ],
  "expected_n_civ_mean": 0.24203078086800506,
  "expected_n_civ_median": 4.957469757262875e-07,
  "priors": {
    "fp": 1.0,
    "ne": 0.1,
    "f_l_range": [
      1e-06,
      1.0
    ],
    "f_i_range": [
      1e-06,
      1.0
    ],
    "f_c_range": [
      0.01,
      1.0
    ],
    "L_range_years": [
      100.0,
      100000000.0
    ],
    "t_star_years": 10000000000.0
  }
}