{
  "N_stars_used": 588567.8157158284,
  "n_samples": 100000,
  "per_star_p_quantiles": [
    2.886380518116238e-21,
    6.850105532250045e-20,
    3.51835937634012e-18,
    2.7775672508637943e-16,
    3.786845954849272e-13,
    4.995773769295972e-10,
    3.994962908317476e-08,
    2.2176133142511177e-06,
    3.682643912240879e-05
  ],
  "per_star_p_mean": 1.9817694850922063e-07,
  "per_star_p_median": 3.786845954849272e-13,
  "p_any_quantiles": [
    1.6653345369377348e-15,
    4.029998557086856e-14,
    2.07076578107035e-12,
    1.6347864395527267e-10,
    2.228815403904072e-07,
    0.0002939919414898733,
    0.023238788164285457,
    0.7288863709654759,
    0.9999999996140252
  ],
  "p_any_mean": 0.017024697407460567,
  "p_any_median": 2.228815403904072e-07,
  "expected_n_civ_quantiles": [
    1.6988306768723954e-15,
    4.031751650539321e-14,
    2.070793093035809e-12,
    1.6347866898447218e-10,
    2.2288156520979567e-07,
    0.0002940351655204961,
    0.023513065928141702,
    1.3052158244711192,
    21.67485683486807
  ],
  "expected_n_civ_mean": 0.11664057370930016,
  "expected_n_civ_median": 2.2288156520979567e-07,
  "priors": {
    "fp": 1.0,
    "ne": 0.1,
    "f_l_range": [
      1e-06,
      1.0
    ],
    "f_i_range": [
      1e-06,
      1.0
    ],
    "f_c_range": [
      0.01,
      1.0
    ],
    "L_range_years": [
      100.0,
      100000000.0
    ],
    "t_star_years": 10000000000.0
  }
}