{
  "V_shell": 1952712296.846516,
  "N_mc": 100000,
  "N_in_arm": 33434,
  "frac_in_arm": 0.33434
}