{
  "N_total_G": 20000000000.0,
  "Rd": 2600.0,
  "hz": 300.0,
  "nbins": 200,
  "dx": 50.36513562310847,
  "dy": 50.35857520056197,
  "V_shell": 1952712296.846516,
  "N_expected_arms": 1604110.4929011413
}